participant.id_in_session,participant.code,participant.label,participant._is_bot,participant._index_in_pages,participant._max_page_index,participant._current_app_name,participant._current_page_name,participant.time_started_utc,participant.visited,participant.mturk_worker_id,participant.mturk_assignment_id,participant.payoff,participant.random_treatment_ids,session.code,session.label,session.mturk_HITId,session.mturk_HITGroupId,session.comment,session.is_demo,session.config.name,session.config.real_world_currency_per_point,session.config.participation_fee,session.params,survey.1.player.id_in_group,survey.1.player.role,survey.1.player.payoff,survey.1.player.item1control,survey.1.player.item1trust,survey.1.player.item1autocontrol,survey.1.player.item1monitoring,survey.1.player.item2control,survey.1.player.item2trust,survey.1.player.item2autocontrol,survey.1.player.item2monitoring,survey.1.player.item3control,survey.1.player.item3trust,survey.1.player.item3autocontrol,survey.1.player.item3monitoring,survey.1.player.item4trust,survey.1.player.item4control,survey.1.player.item4autocontrol,survey.1.player.item4monitoring,survey.1.player.item5trust,survey.1.player.item5control,survey.1.player.item5autocontrol,survey.1.player.item5monitoring,survey.1.group.id_in_subsession,survey.1.subsession.round_number,survey.2.player.id_in_group,survey.2.player.role,survey.2.player.payoff,survey.2.player.item1control,survey.2.player.item1trust,survey.2.player.item1autocontrol,survey.2.player.item1monitoring,survey.2.player.item2control,survey.2.player.item2trust,survey.2.player.item2autocontrol,survey.2.player.item2monitoring,survey.2.player.item3control,survey.2.player.item3trust,survey.2.player.item3autocontrol,survey.2.player.item3monitoring,survey.2.player.item4trust,survey.2.player.item4control,survey.2.player.item4autocontrol,survey.2.player.item4monitoring,survey.2.player.item5trust,survey.2.player.item5control,survey.2.player.item5autocontrol,survey.2.player.item5monitoring,survey.2.group.id_in_subsession,survey.2.subsession.round_number,survey.3.player.id_in_group,survey.3.player.role,survey.3.player.payoff,survey.3.player.item1control,survey.3.player.item1trust,survey.3.player.item1autocontrol,survey.3.player.item1monitoring,survey.3.player.item2control,survey.3.player.item2trust,survey.3.player.item2autocontrol,survey.3.player.item2monitoring,survey.3.player.item3control,survey.3.player.item3trust,survey.3.player.item3autocontrol,survey.3.player.item3monitoring,survey.3.player.item4trust,survey.3.player.item4control,survey.3.player.item4autocontrol,survey.3.player.item4monitoring,survey.3.player.item5trust,survey.3.player.item5control,survey.3.player.item5autocontrol,survey.3.player.item5monitoring,survey.3.group.id_in_subsession,survey.3.subsession.round_number,survey.4.player.id_in_group,survey.4.player.role,survey.4.player.payoff,survey.4.player.item1control,survey.4.player.item1trust,survey.4.player.item1autocontrol,survey.4.player.item1monitoring,survey.4.player.item2control,survey.4.player.item2trust,survey.4.player.item2autocontrol,survey.4.player.item2monitoring,survey.4.player.item3control,survey.4.player.item3trust,survey.4.player.item3autocontrol,survey.4.player.item3monitoring,survey.4.player.item4trust,survey.4.player.item4control,survey.4.player.item4autocontrol,survey.4.player.item4monitoring,survey.4.player.item5trust,survey.4.player.item5control,survey.4.player.item5autocontrol,survey.4.player.item5monitoring,survey.4.group.id_in_subsession,survey.4.subsession.round_number,survey.5.player.id_in_group,survey.5.player.role,survey.5.player.payoff,survey.5.player.item1control,survey.5.player.item1trust,survey.5.player.item1autocontrol,survey.5.player.item1monitoring,survey.5.player.item2control,survey.5.player.item2trust,survey.5.player.item2autocontrol,survey.5.player.item2monitoring,survey.5.player.item3control,survey.5.player.item3trust,survey.5.player.item3autocontrol,survey.5.player.item3monitoring,survey.5.player.item4trust,survey.5.player.item4control,survey.5.player.item4autocontrol,survey.5.player.item4monitoring,survey.5.player.item5trust,survey.5.player.item5control,survey.5.player.item5autocontrol,survey.5.player.item5monitoring,survey.5.group.id_in_subsession,survey.5.subsession.round_number,demographics.1.player.id_in_group,demographics.1.player.role,demographics.1.player.payoff,demographics.1.player.age,demographics.1.player.gender,demographics.1.player.highest_education,demographics.1.player.country,demographics.1.player.workexperience,demographics.1.group.id_in_subsession,demographics.1.subsession.round_number,feedback.1.player.id_in_group,feedback.1.player.role,feedback.1.player.payoff,feedback.1.player.feedback_text,feedback.1.group.id_in_subsession,feedback.1.subsession.round_number,payment_info.1.player.id_in_group,payment_info.1.player.role,payment_info.1.player.payoff,payment_info.1.group.id_in_subsession,payment_info.1.subsession.round_number
1,frnk43fj,,0,28,28,payment_info,PaymentInfo,2023-01-14 12:23:07.003988,1,A1922OY7TLADG6,3ZSY5X72N2VA0D3947654M6LU4VRO2,0.0,"{'1': 0, '2': 1, '3': 3, '4': 1, '5': 1}",o8lptas3,,3UEDKCTPAZAE5J0L7ZB4342N75G7K0,3UY0U6RXHWS1HN1TLYF0ISL21ZE4OQ,,0,survey,0.01,0.25,,1,,0.0,4,,,,,,,,,,,,,,,,,,,,1,1,1,,0.0,,,,,,4,,,,,,,,,,,,,,,1,2,1,,0.0,,,,,,,,,,,,,,,,,5,,,,1,3,1,,0.0,,,,,,,,,,,,4,,,,,,,,,1,4,1,,0.0,,,,,,,,,,,,,3,,,,,,,,1,5,1,,0.0,35-44,Female,Masters Degree,Virgin Islands (US),7,1,1,1,,0.0,no,1,1,1,,0.0,1,1
2,o1lwdxsl,,0,28,28,payment_info,PaymentInfo,2023-01-14 12:23:11.701584,1,A146QN6EU8LAEI,3TGOYF99126XTAFN4NDJ83LUJPNUUM,0.0,"{'1': 2, '2': 0, '3': 3, '4': 3, '5': 2}",o8lptas3,,3UEDKCTPAZAE5J0L7ZB4342N75G7K0,3UY0U6RXHWS1HN1TLYF0ISL21ZE4OQ,,0,survey,0.01,0.25,,2,,0.0,,,,,,,,,,,,,,,,4,,,,,1,1,2,,0.0,,,,,,,,,,,,4,,,,,,,,,1,2,2,,0.0,,,,,,,,,,,,,,,,,,,3,,1,3,2,,0.0,,,3,,,,,,,,,,,,,,,,,,1,4,2,,0.0,,,,,4,,,,,,,,,,,,,,,,1,5,2,,0.0,35-44,Female,Bachelors Degree,Virgin Islands (US),7,1,1,2,,0.0,thanks,1,1,2,,0.0,1,1
3,m5vo36x7,,0,28,28,payment_info,PaymentInfo,2023-01-14 12:23:22.093921,1,A72YC75DZ8OLE,3B837J3LDTGPY5V2BONEORGMRTYSR0,0.0,"{'1': 0, '2': 3, '3': 2, '4': 3, '5': 0}",o8lptas3,,3UEDKCTPAZAE5J0L7ZB4342N75G7K0,3UY0U6RXHWS1HN1TLYF0ISL21ZE4OQ,,0,survey,0.01,0.25,,3,,0.0,,,,,,,,,,,,,,,,4,,,,,1,1,3,,0.0,,,,,,,,,,,3,,,,,,,,,,1,2,3,,0.0,,,,,,,,3,,,,,,,,,,,,,1,3,3,,0.0,,,,,,,,,,,,,,,,,,4,,,1,4,3,,0.0,4,,,,,,,,,,,,,,,,,,,,1,5,3,,0.0,45-54,Male,Bachelors Degree,United Kingdom,6,1,1,3,,0.0,NO,1,1,3,,0.0,1,1
4,641hdccm,,0,26,28,demographics,Demographics,2023-01-14 12:23:28.048786,1,A2QGCZDG0PIFEL,3OVHNO1VEBLSY7YBOFM2FVWLZ78DZL,0.0,"{'1': 2, '2': 2, '3': 0, '4': 0, '5': 0}",o8lptas3,,3UEDKCTPAZAE5J0L7ZB4342N75G7K0,3UY0U6RXHWS1HN1TLYF0ISL21ZE4OQ,,0,survey,0.01,0.25,,4,,0.0,,,,,,,,,,,,,,,,,,5,,,1,1,4,,0.0,,,,,,,,,4,,,,,,,,,,,,1,2,4,,0.0,,,,,,,,,,,,,,4,,,,,,,1,3,4,,0.0,,,,,,,3,,,,,,,,,,,,,,1,4,4,,0.0,,,4,,,,,,,,,,,,,,,,,,1,5,4,,0.0,,,,,,1,1,4,,0.0,,1,1,4,,0.0,1,1
5,e6l4f773,,0,28,28,payment_info,PaymentInfo,2023-01-14 12:23:37.191930,1,A26QTS2JQ04TAI,3F0BG9B9MU7CC8NW1GHX1WDN7217YV,0.0,"{'1': 3, '2': 0, '3': 3, '4': 2, '5': 1}",o8lptas3,,3UEDKCTPAZAE5J0L7ZB4342N75G7K0,3UY0U6RXHWS1HN1TLYF0ISL21ZE4OQ,,0,survey,0.01,0.25,,5,,0.0,,,,,,,,,,,,,,,5,,,,,,1,1,5,,0.0,,,,,4,,,,,,,,,,,,,,,,1,2,5,,0.0,,,,3,,,,,,,,,,,,,,,,,1,3,5,,0.0,,,,,,,,,,,,5,,,,,,,,,1,4,5,,0.0,,,,,,,,,,,,,,,,,4,,,,1,5,5,,0.0,25-34,Male,Masters Degree,Australia,5,1,1,5,,0.0,GOOD,1,1,5,,0.0,1,1
6,z5yhpukc,,0,28,28,payment_info,PaymentInfo,2023-01-14 12:23:42.530906,1,A2K0L9M1ZZO5C9,39JEC7537ZL1KVNNNM2OAJ17QWPVC2,0.0,"{'1': 2, '2': 2, '3': 3, '4': 1, '5': 3}",o8lptas3,,3UEDKCTPAZAE5J0L7ZB4342N75G7K0,3UY0U6RXHWS1HN1TLYF0ISL21ZE4OQ,,0,survey,0.01,0.25,,6,,0.0,,,5,,,,,,,,,,,,,,,,,,1,1,6,,0.0,,,,,,,,,,,,,,,,,,,,5,1,2,6,,0.0,,,,,,,5,,,,,,,,,,,,,,1,3,6,,0.0,,,,,,,,,,,,,5,,,,,,,,1,4,6,,0.0,,,,,,,,,,,,5,,,,,,,,,1,5,6,,0.0,35-44,Female,High School or lower,United Kingdom,7,1,1,6,,0.0,united states isn't listed to pick from,1,1,6,,0.0,1,1
7,6e3wk18s,,0,28,28,payment_info,PaymentInfo,2023-01-14 12:23:48.144801,1,A8TCGJCLUVTJ0,34QN5IT0T4BJFRWU3DYUN4FY69S80I,0.0,"{'1': 3, '2': 1, '3': 2, '4': 0, '5': 2}",o8lptas3,,3UEDKCTPAZAE5J0L7ZB4342N75G7K0,3UY0U6RXHWS1HN1TLYF0ISL21ZE4OQ,,0,survey,0.01,0.25,,7,,0.0,,,,,,,,,,,,,,4,,,,,,,1,1,7,,0.0,,,,,,4,,,,,,,,,,,,,,,1,2,7,,0.0,,,,,,,,,,,4,,,,,,,,,,1,3,7,,0.0,,,,,,,,,,,,,,,,,,,4,,1,4,7,,0.0,,,,4,,,,,,,,,,,,,,,,,1,5,7,,0.0,35-44,Male,High School or lower,United Arab Emirates,3,1,1,7,,0.0,GOOD,1,1,7,,0.0,1,1
8,5tqzrugf,,0,28,28,payment_info,PaymentInfo,2023-01-14 12:23:49.979603,1,A3R3B6DZ3Q40IK,3ITXP059P1380HCP3JE5M0UVHC4SJ8,0.0,"{'1': 2, '2': 1, '3': 3, '4': 1, '5': 2}",o8lptas3,,3UEDKCTPAZAE5J0L7ZB4342N75G7K0,3UY0U6RXHWS1HN1TLYF0ISL21ZE4OQ,,0,survey,0.01,0.25,,8,,0.0,,,4,,,,,,,,,,,,,,,,,,1,1,8,,0.0,,,,,,,,,,,,,,,,,,,3,,1,2,8,,0.0,,,,,,5,,,,,,,,,,,,,,,1,3,8,,0.0,,,,,,,,,,,,,4,,,,,,,,1,4,8,,0.0,,,,,,,,,,,,4,,,,,,,,,1,5,8,,0.0,25-34,Male,Bachelors Degree,United Kingdom,5,1,1,8,,0.0,good,1,1,8,,0.0,1,1
9,r4jljl32,,0,28,28,payment_info,PaymentInfo,2023-01-14 12:23:50.817706,1,A2GFLPRMYCE1E0,3I3WADAZ9VOLVQ5B70T21L1P2M75O3,0.0,"{'1': 3, '2': 1, '3': 3, '4': 0, '5': 3}",o8lptas3,,3UEDKCTPAZAE5J0L7ZB4342N75G7K0,3UY0U6RXHWS1HN1TLYF0ISL21ZE4OQ,,0,survey,0.01,0.25,,9,,0.0,,,,5,,,,,,,,,,,,,,,,,1,1,9,,0.0,,,,,,,,,,,,,,5,,,,,,,1,2,9,,0.0,,,,,,5,,,,,,,,,,,,,,,1,3,9,,0.0,,,,,,,,,,,,4,,,,,,,,,1,4,9,,0.0,,,,,,,,,,,,,,,,,,,,5,1,5,9,,0.0,25-34,Female,Bachelors Degree,United Kingdom,5,1,1,9,,0.0,no comments,1,1,9,,0.0,1,1
10,ob42snjh,,0,28,28,payment_info,PaymentInfo,2023-01-14 12:23:59.536659,1,A633I4IVJ8L5R,3UOUJI6MTIYPAE9I9SO6SAKYD74UXE,0.0,"{'1': 3, '2': 3, '3': 1, '4': 0, '5': 3}",o8lptas3,,3UEDKCTPAZAE5J0L7ZB4342N75G7K0,3UY0U6RXHWS1HN1TLYF0ISL21ZE4OQ,,0,survey,0.01,0.25,,10,,0.0,,,,,,,,,,,,,,,,,,,,4,1,1,10,,0.0,,,,4,,,,,,,,,,,,,,,,,1,2,10,,0.0,,,,,,,,,,4,,,,,,,,,,,1,3,10,,0.0,,,,,,,,,,,,,,4,,,,,,,1,4,10,,0.0,,,,,,,,4,,,,,,,,,,,,,1,5,10,,0.0,25-34,Female,High School or lower,South Korea,5,1,1,10,,0.0,good,1,1,10,,0.0,1,1
11,io1mt3b9,,0,28,28,payment_info,PaymentInfo,2023-01-14 12:24:15.634738,1,A1R5JNC2LO6X1S,3PWWM24LHXIQB1Z8I0286S8D37C822,0.0,"{'1': 0, '2': 2, '3': 3, '4': 1, '5': 0}",o8lptas3,,3UEDKCTPAZAE5J0L7ZB4342N75G7K0,3UY0U6RXHWS1HN1TLYF0ISL21ZE4OQ,,0,survey,0.01,0.25,,11,,0.0,,,,,,,,,,,,,,,,,,4,,,1,1,11,,0.0,,,,,,,4,,,,,,,,,,,,,,1,2,11,,0.0,,,,,,,,,,,,4,,,,,,,,,1,3,11,,0.0,4,,,,,,,,,,,,,,,,,,,,1,4,11,,0.0,,,,,,,,,,,,,4,,,,,,,,1,5,11,,0.0,55-,Female,Bachelors Degree,Virgin Islands (US),7,1,1,11,,0.0,Thank you,1,1,11,,0.0,1,1
12,l2osmpja,,0,26,28,demographics,Demographics,2023-01-14 12:24:20.982357,1,A1WW22TG79S8F,3OVR4I9USU36KJER882WLYQBHRU4Q5,0.0,"{'1': 3, '2': 2, '3': 2, '4': 0, '5': 2}",o8lptas3,,3UEDKCTPAZAE5J0L7ZB4342N75G7K0,3UY0U6RXHWS1HN1TLYF0ISL21ZE4OQ,,0,survey,0.01,0.25,,12,,0.0,,,,,,,,,,,,,,5,,,,,,,1,1,12,,0.0,,,,,,,,,,,4,,,,,,,,,,1,2,12,,0.0,,,,4,,,,,,,,,,,,,,,,,1,3,12,,0.0,,,,,,,,,,,,,,,,,,,4,,1,4,12,,0.0,,,,,,,3,,,,,,,,,,,,,,1,5,12,,0.0,,,,,,1,1,12,,0.0,,1,1,12,,0.0,1,1
13,qiaqklfz,,0,28,28,payment_info,PaymentInfo,2023-01-14 12:24:23.254862,1,A2WGWNRNGM36ZH,3MYYFCXHJ8RF7UKD5CXKRKM9B4LG4M,0.0,"{'1': 0, '2': 1, '3': 2, '4': 3, '5': 2}",o8lptas3,,3UEDKCTPAZAE5J0L7ZB4342N75G7K0,3UY0U6RXHWS1HN1TLYF0ISL21ZE4OQ,,0,survey,0.01,0.25,,13,,0.0,,,,,,4,,,,,,,,,,,,,,,1,1,13,,0.0,4,,,,,,,,,,,,,,,,,,,,1,2,13,,0.0,,,,,,,,,,,,,,,,4,,,,,1,3,13,,0.0,,,,,,,,,,,4,,,,,,,,,,1,4,13,,0.0,,,,,,,,,,,,,,,,,,,4,,1,5,13,,0.0,25-34,Male,High School or lower,United Arab Emirates,4,1,1,13,,0.0,GOOD,1,1,13,,0.0,1,1
14,t93gjdzk,,0,28,28,payment_info,PaymentInfo,2023-01-14 12:24:23.400094,1,A1I98HJQ5MJV4T,3JBT3HLQFDM1N411TODXFPDADQAPZA,0.0,"{'1': 0, '2': 0, '3': 1, '4': 3, '5': 3}",o8lptas3,,3UEDKCTPAZAE5J0L7ZB4342N75G7K0,3UY0U6RXHWS1HN1TLYF0ISL21ZE4OQ,,0,survey,0.01,0.25,,14,,0.0,,,,,4,,,,,,,,,,,,,,,,1,1,14,,0.0,3,,,,,,,,,,,,,,,,,,,,1,2,14,,0.0,,,,,,,,,,,,,,,,,,,,4,1,3,14,,0.0,,,,,,,,,,3,,,,,,,,,,,1,4,14,,0.0,,,,,,,,,,,,,,,,4,,,,,1,5,14,,0.0,25-34,Male,Bachelors Degree,Albania,7,1,1,14,,0.0,GOOD,1,1,14,,0.0,1,1
15,f7gdiuac,,0,28,28,payment_info,PaymentInfo,2023-01-14 12:24:43.257902,1,A1HSEVGZBWJUPH,39GXDJN2OYYZ8SXA6AMJ8X5O054V8W,0.0,"{'1': 0, '2': 3, '3': 1, '4': 2, '5': 0}",o8lptas3,,3UEDKCTPAZAE5J0L7ZB4342N75G7K0,3UY0U6RXHWS1HN1TLYF0ISL21ZE4OQ,,0,survey,0.01,0.25,,15,,0.0,,,,,,,,,,4,,,,,,,,,,,1,1,15,,0.0,,,,,,,,4,,,,,,,,,,,,,1,2,15,,0.0,,,,,,,,,,,,,,,,,,3,,,1,3,15,,0.0,,,,,,,,,,,,,,,4,,,,,,1,4,15,,0.0,4,,,,,,,,,,,,,,,,,,,,1,5,15,,0.0,35-44,Female,Bachelors Degree,Australia,7,1,1,15,,0.0,N/A,1,1,15,,0.0,1,1
16,d99brldb,,0,28,28,payment_info,PaymentInfo,2023-01-14 12:24:48.546322,1,A37M7B13URW79A,32EYX73OY5T5DIN60TIE3SYACQJURI,0.0,"{'1': 2, '2': 1, '3': 2, '4': 3, '5': 2}",o8lptas3,,3UEDKCTPAZAE5J0L7ZB4342N75G7K0,3UY0U6RXHWS1HN1TLYF0ISL21ZE4OQ,,0,survey,0.01,0.25,,16,,0.0,,,,,,,,,,,5,,,,,,,,,,1,1,16,,0.0,,,4,,,,,,,,,,,,,,,,,,1,2,16,,0.0,,,,,,,,,,,,,,,,3,,,,,1,3,16,,0.0,,,,,,,,,,,,,,,,,,,4,,1,4,16,,0.0,,,,,,5,,,,,,,,,,,,,,,1,5,16,,0.0,45-54,Female,Bachelors Degree,United Kingdom,5,1,1,16,,0.0,no,1,1,16,,0.0,1,1
17,hua70kqs,,0,28,28,payment_info,PaymentInfo,2023-01-14 12:24:53.813653,1,A3NT8QEXFBYGF,3R3YRB5GRKNDE11PYIWS8290CMWAUR,0.0,"{'1': 2, '2': 2, '3': 3, '4': 1, '5': 3}",o8lptas3,,3UEDKCTPAZAE5J0L7ZB4342N75G7K0,3UY0U6RXHWS1HN1TLYF0ISL21ZE4OQ,,0,survey,0.01,0.25,,17,,0.0,,,4,,,,,,,,,,,,,,,,,,1,1,17,,0.0,,,,,,,,,,,,5,,,,,,,,,1,2,17,,0.0,,,,,,,,,,,,,4,,,,,,,,1,3,17,,0.0,,,,,,,,,,,,,,,,,,,,4,1,4,17,,0.0,,,,,,,4,,,,,,,,,,,,,,1,5,17,,0.0,25-34,Male,Bachelors Degree,United Kingdom,3,1,1,17,,0.0,good,1,1,17,,0.0,1,1
18,adn7adtu,,0,28,28,payment_info,PaymentInfo,2023-01-14 12:25:05.463616,1,A3SSZZTJIJLD3Y,3VNXK88KKH2ZMXGKB2SX8T0ZKBN9V0,0.0,"{'1': 2, '2': 1, '3': 0, '4': 1, '5': 0}",o8lptas3,,3UEDKCTPAZAE5J0L7ZB4342N75G7K0,3UY0U6RXHWS1HN1TLYF0ISL21ZE4OQ,,0,survey,0.01,0.25,,18,,0.0,,,,,,,,,5,,,,,,,,,,,,1,1,18,,0.0,,,,,,5,,,,,,,,,,,,,,,1,2,18,,0.0,,,,,,,,,,,,,,,,,,4,,,1,3,18,,0.0,,,,,,,,,,,,,5,,,,,,,,1,4,18,,0.0,,,5,,,,,,,,,,,,,,,,,,1,5,18,,0.0,25-34,Female,Masters Degree,Virgin Islands (US),4,1,1,18,,0.0,GOOD,1,1,18,,0.0,1,1
19,7evc60ln,,0,28,28,payment_info,PaymentInfo,2023-01-14 12:25:33.109460,1,A2BOT2EDR1XGC6,3JRJSWSMQM5W5K5IZ32DHC9RKOA3E7,0.0,"{'1': 0, '2': 3, '3': 0, '4': 2, '5': 3}",o8lptas3,,3UEDKCTPAZAE5J0L7ZB4342N75G7K0,3UY0U6RXHWS1HN1TLYF0ISL21ZE4OQ,,0,survey,0.01,0.25,,19,,0.0,,,,,,,,,4,,,,,,,,,,,,1,1,19,,0.0,5,,,,,,,,,,,,,,,,,,,,1,2,19,,0.0,,,,,,,,4,,,,,,,,,,,,,1,3,19,,0.0,,,,,,,,,,,,,,,,,,,,3,1,4,19,,0.0,,,,,,,,,,,,,,,5,,,,,,1,5,19,,0.0,25-34,Male,Masters Degree,Australia,5,1,1,19,,0.0,GOOD,1,1,19,,0.0,1,1
20,wd1gfjkh,,0,28,28,payment_info,PaymentInfo,2023-01-14 12:26:19.396697,1,A306SRE7WZDAZS,3HMIGG0U4QQGCMSFBL93FW9IIM6Y88,0.0,"{'1': 3, '2': 1, '3': 2, '4': 0, '5': 3}",o8lptas3,,3UEDKCTPAZAE5J0L7ZB4342N75G7K0,3UY0U6RXHWS1HN1TLYF0ISL21ZE4OQ,,0,survey,0.01,0.25,,20,,0.0,,,,,,5,,,,,,,,,,,,,,,1,1,20,,0.0,,,,,,,,,,,,,,5,,,,,,,1,2,20,,0.0,,,,5,,,,,,,,,,,,,,,,,1,3,20,,0.0,,,,,,,,,,,,,,,,,,,,5,1,4,20,,0.0,,,,,,,,,,,5,,,,,,,,,,1,5,20,,0.0,35-44,Male,Bachelors Degree,Armenia,4,1,1,20,,0.0,N/A,1,1,20,,0.0,1,1
21,4rktekeg,,0,28,28,payment_info,PaymentInfo,2023-01-14 12:26:41.190174,1,AYZCJQUEL9DUU,30MVJZJNHRXQV2GQUDEE55P5POG9JF,0.0,"{'1': 0, '2': 3, '3': 0, '4': 2, '5': 0}",o8lptas3,,3UEDKCTPAZAE5J0L7ZB4342N75G7K0,3UY0U6RXHWS1HN1TLYF0ISL21ZE4OQ,,0,survey,0.01,0.25,,21,,0.0,,,,,,,,,4,,,,,,,,,,,,1,1,21,,0.0,,,,,,,,5,,,,,,,,,,,,,1,2,21,,0.0,,,,,,,,,,,,,,,,,,5,,,1,3,21,,0.0,,,,,,,,,,,,,,,5,,,,,,1,4,21,,0.0,5,,,,,,,,,,,,,,,,,,,,1,5,21,,0.0,35-44,Female,Bachelors Degree,Armenia,5,1,1,21,,0.0,N/A,1,1,21,,0.0,1,1
22,psmb7xwk,,0,28,28,payment_info,PaymentInfo,2023-01-14 12:26:58.896431,1,A3A09QD9UKKDG4,3HPZF4IVNRDIOPISSXP8HI518DRYCE,0.0,"{'1': 2, '2': 1, '3': 2, '4': 0, '5': 3}",o8lptas3,,3UEDKCTPAZAE5J0L7ZB4342N75G7K0,3UY0U6RXHWS1HN1TLYF0ISL21ZE4OQ,,0,survey,0.01,0.25,,22,,0.0,,,,,,,,,,,5,,,,,,,,,,1,1,22,,0.0,,,,,,,,,,,,,,4,,,,,,,1,2,22,,0.0,,,,,,5,,,,,,,,,,,,,,,1,3,22,,0.0,,,4,,,,,,,,,,,,,,,,,,1,4,22,,0.0,,,,,,,,,,,,,,,,,,,,5,1,5,22,,0.0,25-34,Male,Masters Degree,Australia,5,1,1,22,,0.0,GOOD,1,1,22,,0.0,1,1
23,i0fjq7wc,,0,28,28,payment_info,PaymentInfo,2023-01-14 12:27:02.301475,1,AOMYFDVVIRWN2,37TD41K0AMTLS36JTRXJZWH0RSVSCU,0.0,"{'1': 1, '2': 2, '3': 1, '4': 3, '5': 3}",o8lptas3,,3UEDKCTPAZAE5J0L7ZB4342N75G7K0,3UY0U6RXHWS1HN1TLYF0ISL21ZE4OQ,,0,survey,0.01,0.25,,23,,0.0,,,,,,,3,,,,,,,,,,,,,,1,1,23,,0.0,,4,,,,,,,,,,,,,,,,,,,1,2,23,,0.0,,,,,,,,,,,,,,,,5,,,,,1,3,23,,0.0,,,,,,,,,,4,,,,,,,,,,,1,4,23,,0.0,,,,,,,,,,,,,,,,,,,,5,1,5,23,,0.0,45-54,Male,Bachelors Degree,Austria,7,1,1,23,,0.0,NO,1,1,23,,0.0,1,1
24,y38t4mpi,,0,28,28,payment_info,PaymentInfo,2023-01-14 12:27:19.718127,1,A17R2JCRNQH30T,3Z7EFSHGNEYTOKSIN136Y4YS67YCXN,0.0,"{'1': 3, '2': 1, '3': 3, '4': 3, '5': 2}",o8lptas3,,3UEDKCTPAZAE5J0L7ZB4342N75G7K0,3UY0U6RXHWS1HN1TLYF0ISL21ZE4OQ,,0,survey,0.01,0.25,,24,,0.0,,,,,,,,,,,,,,,,,,,3,,1,1,24,,0.0,,,,4,,,,,,,,,,,,,,,,,1,2,24,,0.0,,,,,,,,,,,,,,,,3,,,,,1,3,24,,0.0,,,,,,,,,,,,3,,,,,,,,,1,4,24,,0.0,,,,,,4,,,,,,,,,,,,,,,1,5,24,,0.0,25-34,Female,Bachelors Degree,Albania,6,1,1,24,,0.0,GOOD,1,1,24,,0.0,1,1
25,04mw7yd4,,0,28,28,payment_info,PaymentInfo,2023-01-14 12:27:30.513854,1,A2NC28XJKAFJV,3OS46CRSLKJC4EEMDVPLOJ9XUAEV6A,0.0,"{'1': 0, '2': 2, '3': 3, '4': 3, '5': 3}",o8lptas3,,3UEDKCTPAZAE5J0L7ZB4342N75G7K0,3UY0U6RXHWS1HN1TLYF0ISL21ZE4OQ,,0,survey,0.01,0.25,,25,,0.0,5,,,,,,,,,,,,,,,,,,,,1,1,25,,0.0,,,,,,,,,,,,,,,,,,,,4,1,2,25,,0.0,,,,,,,4,,,,,,,,,,,,,,1,3,25,,0.0,,,,,,,,,,,,,,,,4,,,,,1,4,25,,0.0,,,,,,,,,,,,4,,,,,,,,,1,5,25,,0.0,35-44,Female,Bachelors Degree,United Kingdom,4,1,1,25,,0.0,no,1,1,25,,0.0,1,1
26,k14uxatz,,0,28,28,payment_info,PaymentInfo,2023-01-14 12:27:39.353043,1,ACQGV9OZWZNCG,35L9RVQFCT2SOO934O6KPOW4PHMHU9,0.0,"{'1': 1, '2': 2, '3': 1, '4': 0, '5': 0}",o8lptas3,,3UEDKCTPAZAE5J0L7ZB4342N75G7K0,3UY0U6RXHWS1HN1TLYF0ISL21ZE4OQ,,0,survey,0.01,0.25,,26,,0.0,,,,,,,,,,,,,,4,,,,,,,1,1,26,,0.0,,,,,,,,,,,,,,,,,,4,,,1,2,26,,0.0,,,,,,,,,,4,,,,,,,,,,,1,3,26,,0.0,,4,,,,,,,,,,,,,,,,,,,1,4,26,,0.0,,,,,,,1,,,,,,,,,,,,,,1,5,26,,0.0,25-34,Male,Masters Degree,Algeria,4,1,1,26,,0.0,good,1,1,26,,0.0,1,1
27,fyqzdqis,,0,28,28,payment_info,PaymentInfo,2023-01-14 12:27:40.836035,1,A1S7N7E3E26HOF,3R08VXYT7HF8N3SWMFZ9GZS7WU17WW,0.0,"{'1': 0, '2': 0, '3': 0, '4': 0, '5': 2}",o8lptas3,,3UEDKCTPAZAE5J0L7ZB4342N75G7K0,3UY0U6RXHWS1HN1TLYF0ISL21ZE4OQ,,0,survey,0.01,0.25,,27,,0.0,,,,,4,,,,,,,,,,,,,,,,1,1,27,,0.0,,,,,,,,,,,,,,,,,,,4,,1,2,27,,0.0,,,,,,,,,,,,,,3,,,,,,,1,3,27,,0.0,3,,,,,,,,,,,,,,,,,,,,1,4,27,,0.0,,,,,,,,,3,,,,,,,,,,,,1,5,27,,0.0,35-44,Female,High School or lower,Australia,7,1,1,27,,0.0,good,1,1,27,,0.0,1,1
28,w1edegdu,,0,28,28,payment_info,PaymentInfo,2023-01-14 12:28:14.432560,1,AVMRKYJNOVUL,3OVR4I9USU36KJER882WLYQBHRU4Q5,0.0,"{'1': 1, '2': 3, '3': 3, '4': 1, '5': 2}",o8lptas3,,3UEDKCTPAZAE5J0L7ZB4342N75G7K0,3UY0U6RXHWS1HN1TLYF0ISL21ZE4OQ,,0,survey,0.01,0.25,,28,,0.0,,5,,,,,,,,,,,,,,,,,,,1,1,28,,0.0,,,,,,,,,,,,,4,,,,,,,,1,2,28,,0.0,,,,,,,,,,,,5,,,,,,,,,1,3,28,,0.0,,,,,,,,4,,,,,,,,,,,,,1,4,28,,0.0,,,,,,,,,,,,,,,,,,,3,,1,5,28,,0.0,25-34,Female,Masters Degree,United Kingdom,5,1,1,28,,0.0,Good,1,1,28,,0.0,1,1
29,0olsk83s,,0,26,28,demographics,Demographics,2023-01-14 12:28:16.681258,1,AWX3PLN2FS0SW,3H8DHMCCWEVX9CZPOEJSSG88VYUKD5,0.0,"{'1': 1, '2': 2, '3': 2, '4': 1, '5': 0}",o8lptas3,,3UEDKCTPAZAE5J0L7ZB4342N75G7K0,3UY0U6RXHWS1HN1TLYF0ISL21ZE4OQ,,0,survey,0.01,0.25,,29,,0.0,,4,,,,,,,,,,,,,,,,,,,1,1,29,,0.0,,,,,,,4,,,,,,,,,,,,,,1,2,29,,0.0,,,,,,,,,,,,,,,,,,5,,,1,3,29,,0.0,,,,,,,,,,,4,,,,,,,,,,1,4,29,,0.0,,,,,,,,,,,,,3,,,,,,,,1,5,29,,0.0,,,,,,1,1,29,,0.0,,1,1,29,,0.0,1,1
30,a0mwdl67,,0,28,28,payment_info,PaymentInfo,2023-01-14 12:28:30.791933,1,A307T6Q7I9L3FV,3ZR9AIQJUGTIWQ9SRA8H6SZT4NW043,0.0,"{'1': 3, '2': 1, '3': 0, '4': 3, '5': 3}",o8lptas3,,3UEDKCTPAZAE5J0L7ZB4342N75G7K0,3UY0U6RXHWS1HN1TLYF0ISL21ZE4OQ,,0,survey,0.01,0.25,,30,,0.0,,,,,,4,,,,,,,,,,,,,,,1,1,30,,0.0,,,,,,,,,,,,,,,,,,,,4,1,2,30,,0.0,,,,,,,,,4,,,,,,,,,,,,1,3,30,,0.0,,,,4,,,,,,,,,,,,,,,,,1,4,30,,0.0,,,,,,,,,,,,,,,,4,,,,,1,5,30,,0.0,25-34,Female,High School or lower,South Korea,6,1,1,30,,0.0,GOOD,1,1,30,,0.0,1,1
31,eogui9kg,,0,28,28,payment_info,PaymentInfo,2023-01-14 12:28:33.615480,1,AE5V9SDUTUODA,3QFUFYSY93Z9TUOIUSR29ZMXAPLF4M,0.0,"{'1': 0, '2': 2, '3': 2, '4': 0, '5': 2}",o8lptas3,,3UEDKCTPAZAE5J0L7ZB4342N75G7K0,3UY0U6RXHWS1HN1TLYF0ISL21ZE4OQ,,0,survey,0.01,0.25,,31,,0.0,,,,,,,,,,,4,,,,,,,,,,1,1,31,,0.0,,,,,,,5,,,,,,,,,,,,,,1,2,31,,0.0,4,,,,,,,,,,,,,,,,,,,,1,3,31,,0.0,,,,,,,,,,,,,,,,,,,3,,1,4,31,,0.0,,,,,,,,,,,,,,5,,,,,,,1,5,31,,0.0,25-34,Male,Masters Degree,Australia,5,1,1,31,,0.0,good,1,1,31,,0.0,1,1
32,zkkb54ph,,0,28,28,payment_info,PaymentInfo,2023-01-14 12:29:09.995929,1,A3Q897SMMVA32T,37C0GNLMHKNQAXE0MAPRIX3QU3BD6U,0.0,"{'1': 0, '2': 1, '3': 3, '4': 2, '5': 3}",o8lptas3,,3UEDKCTPAZAE5J0L7ZB4342N75G7K0,3UY0U6RXHWS1HN1TLYF0ISL21ZE4OQ,,0,survey,0.01,0.25,,32,,0.0,,,,,,4,,,,,,,,,,,,,,,1,1,32,,0.0,,,,,,,,,,,,,,,,,,,,4,1,2,32,,0.0,4,,,,,,,,,,,,,,,,,,,,1,3,32,,0.0,,,,,,,,,,,,,,,4,,,,,,1,4,32,,0.0,,,,,,,,,,,,4,,,,,,,,,1,5,32,,0.0,25-34,Male,High School or lower,United Kingdom,2,1,1,32,,0.0,nothing,1,1,32,,0.0,1,1
33,40qczrnt,,0,28,28,payment_info,PaymentInfo,2023-01-14 12:29:22.467731,1,AXLXVLUAKX1WU,3F1567XTN1P7HPK3P3YN261R3J89Q6,0.0,"{'1': 0, '2': 2, '3': 1, '4': 1, '5': 2}",o8lptas3,,3UEDKCTPAZAE5J0L7ZB4342N75G7K0,3UY0U6RXHWS1HN1TLYF0ISL21ZE4OQ,,0,survey,0.01,0.25,,33,,0.0,,,,,,,4,,,,,,,,,,,,,,1,1,33,,0.0,4,,,,,,,,,,,,,,,,,,,,1,2,33,,0.0,,,,,,,,,,,,,4,,,,,,,,1,3,33,,0.0,,,,,,,,,,4,,,,,,,,,,,1,4,33,,0.0,,,,,,,,,,,,,,,,,,,4,,1,5,33,,0.0,35-44,Female,High School or lower,South Africa,2,1,1,33,,0.0,GOOD,1,1,33,,0.0,1,1
34,c1zpn8t9,,0,26,28,demographics,Demographics,2023-01-14 12:30:07.596753,1,A3UZ5V4Y0K3YPV,32KTQ2V7RIZGWAMBXAR6LXHMTIB9MJ,0.0,"{'1': 1, '2': 2, '3': 2, '4': 2, '5': 0}",o8lptas3,,3UEDKCTPAZAE5J0L7ZB4342N75G7K0,3UY0U6RXHWS1HN1TLYF0ISL21ZE4OQ,,0,survey,0.01,0.25,,34,,0.0,,5,,,,,,,,,,,,,,,,,,,1,1,34,,0.0,,,,,,,,,,,,,,,,,,4,,,1,2,34,,0.0,,,,,,,,,,,,,,,5,,,,,,1,3,34,,0.0,,,,,,,,,,,3,,,,,,,,,,1,4,34,,0.0,,,,,,,5,,,,,,,,,,,,,,1,5,34,,0.0,,,,,,1,1,34,,0.0,,1,1,34,,0.0,1,1
35,446xj6kn,,0,10,28,survey,Vignette5,2023-01-14 12:30:43.332688,1,AYWHJVYLOA2B5,3XIQGXAUMHSNC3XMWKVVII6E5W77XP,0.0,"{'1': 3, '2': 0, '3': 3, '4': 1, '5': 1}",o8lptas3,,3UEDKCTPAZAE5J0L7ZB4342N75G7K0,3UY0U6RXHWS1HN1TLYF0ISL21ZE4OQ,,0,survey,0.01,0.25,,35,,0.0,,,,,,,,,,,,4,,,,,,,,,1,1,35,,0.0,,,,,,,,,,,,,,,,,,,,,1,2,35,,0.0,,,,,,,,,,,,,,,,,,,,,1,3,35,,0.0,,,,,,,,,,,,,,,,,,,,,1,4,35,,0.0,,,,,,,,,,,,,,,,,,,,,1,5,35,,0.0,,,,,,1,1,35,,0.0,,1,1,35,,0.0,1,1
36,2urxoimq,,0,28,28,payment_info,PaymentInfo,2023-01-14 12:31:25.074013,1,A21HNFT7JXNSZ3,3MX2NQ3YCEE8PZJ38RGYKYSIEQBX5Z,0.0,"{'1': 2, '2': 0, '3': 2, '4': 2, '5': 1}",o8lptas3,,3UEDKCTPAZAE5J0L7ZB4342N75G7K0,3UY0U6RXHWS1HN1TLYF0ISL21ZE4OQ,,0,survey,0.01,0.25,,36,,0.0,,,5,,,,,,,,,,,,,,,,,,1,1,36,,0.0,,,,,,,,,,,,,,,4,,,,,,1,2,36,,0.0,,,,,,,,,,,5,,,,,,,,,,1,3,36,,0.0,,,,,3,,,,,,,,,,,,,,,,1,4,36,,0.0,,,,,,,,,,,,,,,,,4,,,,1,5,36,,0.0,25-34,Male,Bachelors Degree,Virgin Islands (US),5,1,1,36,,0.0,GOOD,1,1,36,,0.0,1,1
37,u03t1ill,,0,28,28,payment_info,PaymentInfo,2023-01-14 12:31:50.126482,1,A2NAH2MLJAEQ99,39GAF6DQWWKHXSDP7PD4TNIGMZYV1C,0.0,"{'1': 2, '2': 3, '3': 3, '4': 1, '5': 1}",o8lptas3,,3UEDKCTPAZAE5J0L7ZB4342N75G7K0,3UY0U6RXHWS1HN1TLYF0ISL21ZE4OQ,,0,survey,0.01,0.25,,37,,0.0,,,4,,,,,,,,,,,,,,,,,,1,1,37,,0.0,,,,,,,,4,,,,,,,,,,,,,1,2,37,,0.0,,,,,,,,,,,,3,,,,,,,,,1,3,37,,0.0,,,,,,,,,,,,,,,,,4,,,,1,4,37,,0.0,,,,,,,,,,,,,3,,,,,,,,1,5,37,,0.0,25-34,Female,Bachelors Degree,United Arab Emirates,5,1,1,37,,0.0,interesting,1,1,37,,0.0,1,1
38,debkbwdq,,0,28,28,payment_info,PaymentInfo,2023-01-14 12:31:54.803803,1,A1HT8OK12YG0R6,3OVHNO1VEBLSY7YBOFM2FVWLZ78DZL,0.0,"{'1': 0, '2': 0, '3': 2, '4': 3, '5': 0}",o8lptas3,,3UEDKCTPAZAE5J0L7ZB4342N75G7K0,3UY0U6RXHWS1HN1TLYF0ISL21ZE4OQ,,0,survey,0.01,0.25,,38,,0.0,5,,,,,,,,,,,,,,,,,,,,1,1,38,,0.0,,,,,,,,,,,4,,,,,,,,,,1,2,38,,0.0,,,,,4,,,,,,,,,,,,,,,,1,3,38,,0.0,,,,,,,,,,,,,,,,,,2,,,1,4,38,,0.0,,,,,,,,,,,,,,,,4,,,,,1,5,38,,0.0,25-34,Male,Bachelors Degree,Virgin Islands (US),6,1,1,38,,0.0,GOOD,1,1,38,,0.0,1,1
39,hb09x4hu,,0,28,28,payment_info,PaymentInfo,2023-01-14 12:32:08.810827,1,AE62GL4CCNGDS,373ERPL3YTSQD58H0OS4YWC8TCCRTO,0.0,"{'1': 2, '2': 2, '3': 3, '4': 0, '5': 0}",o8lptas3,,3UEDKCTPAZAE5J0L7ZB4342N75G7K0,3UY0U6RXHWS1HN1TLYF0ISL21ZE4OQ,,0,survey,0.01,0.25,,39,,0.0,,,5,,,,,,,,,,,,,,,,,,1,1,39,,0.0,,,,,,,,,,,,,,3,,,,,,,1,2,39,,0.0,,,,,,,5,,,,,,,,,,,,,,1,3,39,,0.0,,,,,,,,,,,,,,,,,,5,,,1,4,39,,0.0,,,,,,,,,,,,5,,,,,,,,,1,5,39,,0.0,25-34,Male,High School or lower,India,3,1,1,39,,0.0,you can add more questions of multiple choice ,1,1,39,,0.0,1,1
40,9di0nrrw,,0,28,28,payment_info,PaymentInfo,2023-01-14 12:32:19.017419,1,A2D4HCMUFKSS9A,3EA3QWIZ4NFDK65YA1YVK4BH6GUITC,0.0,"{'1': 1, '2': 3, '3': 3, '4': 2, '5': 0}",o8lptas3,,3UEDKCTPAZAE5J0L7ZB4342N75G7K0,3UY0U6RXHWS1HN1TLYF0ISL21ZE4OQ,,0,survey,0.01,0.25,,40,,0.0,,,,,,,,,,,,,,,,,,4,,,1,1,40,,0.0,,,,,,,,,,,,,,,4,,,,,,1,2,40,,0.0,,4,,,,,,,,,,,,,,,,,,,1,3,40,,0.0,,,,,,,,4,,,,,,,,,,,,,1,4,40,,0.0,,,,,,,,,,,,4,,,,,,,,,1,5,40,,0.0,35-44,Female,High School or lower,United Arab Emirates,6,1,1,40,,0.0,good,1,1,40,,0.0,1,1
41,ttdba05o,,0,28,28,payment_info,PaymentInfo,2023-01-14 12:32:24.748748,1,A25ODJ1K80KUWD,388U7OUMFCLPXWBQ2M4UELA3W1G0RM,0.0,"{'1': 2, '2': 1, '3': 3, '4': 3, '5': 2}",o8lptas3,,3UEDKCTPAZAE5J0L7ZB4342N75G7K0,3UY0U6RXHWS1HN1TLYF0ISL21ZE4OQ,,0,survey,0.01,0.25,,41,,0.0,,,4,,,,,,,,,,,,,,,,,,1,1,41,,0.0,,,,,,,,,,,,4,,,,,,,,,1,2,41,,0.0,,,,,,5,,,,,,,,,,,,,,,1,3,41,,0.0,,,,,,,,,,,,,,,,,,,4,,1,4,41,,0.0,,,,,,,,,,,,,,,,4,,,,,1,5,41,,0.0,25-34,Male,Masters Degree,Albania,3,1,1,41,,0.0,good,1,1,41,,0.0,1,1
42,auwt46ls,,0,28,28,payment_info,PaymentInfo,2023-01-14 12:32:32.634826,1,A1QY77QE9JTUI7,32KTQ2V7RIZGWAMBXAR6LXHMTIB9MJ,0.0,"{'1': 2, '2': 1, '3': 1, '4': 0, '5': 3}",o8lptas3,,3UEDKCTPAZAE5J0L7ZB4342N75G7K0,3UY0U6RXHWS1HN1TLYF0ISL21ZE4OQ,,0,survey,0.01,0.25,,42,,0.0,,,4,,,,,,,,,,,,,,,,,,1,1,42,,0.0,,,,,,,,,,,,,,4,,,,,,,1,2,42,,0.0,,,,,,,,,,,,,,,,,,,,4,1,3,42,,0.0,,,,,,4,,,,,,,,,,,,,,,1,4,42,,0.0,,,,,,,,,,4,,,,,,,,,,,1,5,42,,0.0,25-34,Male,High School or lower,United Arab Emirates,4,1,1,42,,0.0,good,1,1,42,,0.0,1,1
43,uu02ls44,,0,28,28,payment_info,PaymentInfo,2023-01-14 12:32:45.081420,1,A1UM20FOJ10YUY,3P529IW9K355R2V30KQJVGO8WBGFLF,0.0,"{'1': 0, '2': 0, '3': 0, '4': 2, '5': 1}",o8lptas3,,3UEDKCTPAZAE5J0L7ZB4342N75G7K0,3UY0U6RXHWS1HN1TLYF0ISL21ZE4OQ,,0,survey,0.01,0.25,,43,,0.0,,,,,,,,,5,,,,,,,,,,,,1,1,43,,0.0,,,,,,,,,,,,,,,,,4,,,,1,2,43,,0.0,5,,,,,,,,,,,,,,,,,,,,1,3,43,,0.0,,,,,4,,,,,,,,,,,,,,,,1,4,43,,0.0,,,,,,,,,,,,,,,5,,,,,,1,5,43,,0.0,25-34,Male,Trade School,Australia,5,1,1,43,,0.0,GOOD,1,1,43,,0.0,1,1
44,7nc9lqkj,,0,28,28,payment_info,PaymentInfo,2023-01-14 12:33:31.413969,1,A3FDLTAPNPZL1T,3R3YRB5GRKNDE11PYIWS8290CMWAUR,0.0,"{'1': 2, '2': 0, '3': 3, '4': 1, '5': 3}",o8lptas3,,3UEDKCTPAZAE5J0L7ZB4342N75G7K0,3UY0U6RXHWS1HN1TLYF0ISL21ZE4OQ,,0,survey,0.01,0.25,,44,,0.0,,,3,,,,,,,,,,,,,,,,,,1,1,44,,0.0,,,,,,,,,,,,,4,,,,,,,,1,2,44,,0.0,,,,,,,,,,,,,,,,,,,,4,1,3,44,,0.0,,,,,4,,,,,,,,,,,,,,,,1,4,44,,0.0,,,,,,,,,,,,4,,,,,,,,,1,5,44,,0.0,35-44,Female,High School or lower,Australia,7,1,1,44,,0.0,GOOD,1,1,44,,0.0,1,1
45,q6oorp2z,,0,28,28,payment_info,PaymentInfo,2023-01-14 12:34:13.441754,1,A3BRK0HKRWIWLL,3TXWC2NHN4AJU5ZGH7NSX6GSL7T9SV,0.0,"{'1': 1, '2': 0, '3': 0, '4': 2, '5': 1}",o8lptas3,,3UEDKCTPAZAE5J0L7ZB4342N75G7K0,3UY0U6RXHWS1HN1TLYF0ISL21ZE4OQ,,0,survey,0.01,0.25,,45,,0.0,,,,,4,,,,,,,,,,,,,,,,1,1,45,,0.0,,,,,,,,,,,,,,,4,,,,,,1,2,45,,0.0,,,,,,,,,,,,,,,,,4,,,,1,3,45,,0.0,,4,,,,,,,,,,,,,,,,,,,1,4,45,,0.0,,,,,,,,,4,,,,,,,,,,,,1,5,45,,0.0,25-34,Female,High School or lower,United Arab Emirates,6,1,1,45,,0.0,GOOD,1,1,45,,0.0,1,1
46,uyiq5uvh,,0,28,28,payment_info,PaymentInfo,2023-01-14 12:34:20.533779,1,AYWJROGFU7MI,3Q5ZZ9ZEVTZIAYIV0J464ZBPNH3853,0.0,"{'1': 2, '2': 3, '3': 1, '4': 3, '5': 1}",o8lptas3,,3UEDKCTPAZAE5J0L7ZB4342N75G7K0,3UY0U6RXHWS1HN1TLYF0ISL21ZE4OQ,,0,survey,0.01,0.25,,46,,0.0,,,,,,,,,,,,,,,,,2,,,,1,1,46,,0.0,,,,,,,,3,,,,,,,,,,,,,1,2,46,,0.0,,,3,,,,,,,,,,,,,,,,,,1,3,46,,0.0,,,,,,,,,,,,,,,,4,,,,,1,4,46,,0.0,,,,,,,,,,2,,,,,,,,,,,1,5,46,,0.0,35-44,Female,Bachelors Degree,Virgin Islands (US),6,1,1,46,,0.0,GOOD,1,1,46,,0.0,1,1
47,67brs0w1,,0,28,28,payment_info,PaymentInfo,2023-01-14 12:35:58.121434,1,A2P49UVZY1KWAQ,340UGXU9D3LX6P4N9DNO4PNDXWWUVB,0.0,"{'1': 0, '2': 3, '3': 1, '4': 3, '5': 1}",o8lptas3,,3UEDKCTPAZAE5J0L7ZB4342N75G7K0,3UY0U6RXHWS1HN1TLYF0ISL21ZE4OQ,,0,survey,0.01,0.25,,47,,0.0,4,,,,,,,,,,,,,,,,,,,,1,1,47,,0.0,,,,,,,,4,,,,,,,,,,,,,1,2,47,,0.0,,,,,,,,,,,,,,,,,4,,,,1,3,47,,0.0,,,,,,,,,,,,,,,,4,,,,,1,4,47,,0.0,,,,,,,,,,4,,,,,,,,,,,1,5,47,,0.0,25-34,Female,High School or lower,United Arab Emirates,5,1,1,47,,0.0,Good,1,1,47,,0.0,1,1
48,u8rk9pow,,0,28,28,payment_info,PaymentInfo,2023-01-14 12:39:37.052380,1,A2E2SLXF4KQ3S1,3H8DHMCCWEVX9CZPOEJSSG88VYUKD5,0.0,"{'1': 0, '2': 1, '3': 3, '4': 2, '5': 0}",o8lptas3,,3UEDKCTPAZAE5J0L7ZB4342N75G7K0,3UY0U6RXHWS1HN1TLYF0ISL21ZE4OQ,,0,survey,0.01,0.25,,48,,0.0,,,,,,4,,,,,,,,,,,,,,,1,1,48,,0.0,,,,,,,,,,,,,,,,,,5,,,1,2,48,,0.0,,,,,,,,,,,,4,,,,,,,,,1,3,48,,0.0,,,,,,,,,,,,,,,3,,,,,,1,4,48,,0.0,4,,,,,,,,,,,,,,,,,,,,1,5,48,,0.0,25-34,Male,Bachelors Degree,Georgia,3,1,1,48,,0.0,good,1,1,48,,0.0,1,1
49,4tecidwi,,0,28,28,payment_info,PaymentInfo,2023-01-14 12:40:15.120567,1,A160BYMX7X0EPG,3KRVW3HTZS5Y1PIA6GRX2SMCL6ZSMC,0.0,"{'1': 2, '2': 0, '3': 3, '4': 3, '5': 2}",o8lptas3,,3UEDKCTPAZAE5J0L7ZB4342N75G7K0,3UY0U6RXHWS1HN1TLYF0ISL21ZE4OQ,,0,survey,0.01,0.25,,49,,0.0,,,,,,,,,,,,,,,,4,,,,,1,1,49,,0.0,,,,,5,,,,,,,,,,,,,,,,1,2,49,,0.0,,,,,,,,,,,,3,,,,,,,,,1,3,49,,0.0,,,4,,,,,,,,,,,,,,,,,,1,4,49,,0.0,,,,,,,,,,,,,,,,,,,4,,1,5,49,,0.0,25-34,Female,Masters Degree,Georgia,4,1,1,49,,0.0,nice,1,1,49,,0.0,1,1
50,klzj0sx5,,0,28,28,payment_info,PaymentInfo,2023-01-14 12:40:32.762731,1,A2PRX27DMEBIUP,39O5D9O87YCH8ML43CWIRO9OZCX3CE,0.0,"{'1': 0, '2': 2, '3': 3, '4': 2, '5': 3}",o8lptas3,,3UEDKCTPAZAE5J0L7ZB4342N75G7K0,3UY0U6RXHWS1HN1TLYF0ISL21ZE4OQ,,0,survey,0.01,0.25,,50,,0.0,,,,,,,,,,,,,,,,,,,,4,1,1,50,,0.0,,,,,,,,,,,,3,,,,,,,,,1,2,50,,0.0,,,,,,,4,,,,,,,,,,,,,,1,3,50,,0.0,,,,,,,,,,,,,,,4,,,,,,1,4,50,,0.0,3,,,,,,,,,,,,,,,,,,,,1,5,50,,0.0,25-34,Male,High School or lower,Virgin Islands (US),4,1,1,50,,0.0,good,1,1,50,,0.0,1,1
51,bk5zwh53,,0,28,28,payment_info,PaymentInfo,2023-01-14 12:41:04.832428,1,A25YF2G9OA1V13,333U7HK6IEZ2YST76TJGR18VG9VDJ0,0.0,"{'1': 2, '2': 1, '3': 1, '4': 1, '5': 1}",o8lptas3,,3UEDKCTPAZAE5J0L7ZB4342N75G7K0,3UY0U6RXHWS1HN1TLYF0ISL21ZE4OQ,,0,survey,0.01,0.25,,51,,0.0,,,,,,,,,,,,,4,,,,,,,,1,1,51,,0.0,,,,,,3,,,,,,,,,,,,,,,1,2,51,,0.0,,,,,,,,,,4,,,,,,,,,,,1,3,51,,0.0,,,3,,,,,,,,,,,,,,,,,,1,4,51,,0.0,,,,,,,,,,,,,,,,,5,,,,1,5,51,,0.0,25-34,Male,Bachelors Degree,Virgin Islands (US),6,1,1,51,,0.0,,1,1,51,,0.0,1,1
52,mc91u3qf,,0,28,28,payment_info,PaymentInfo,2023-01-14 12:41:17.606488,1,A1BRDFQ0WD1ZO3,3EFVCAY5L8TQHXXGPL8059UU5IZ8JQ,0.0,"{'1': 0, '2': 3, '3': 0, '4': 2, '5': 0}",o8lptas3,,3UEDKCTPAZAE5J0L7ZB4342N75G7K0,3UY0U6RXHWS1HN1TLYF0ISL21ZE4OQ,,0,survey,0.01,0.25,,52,,0.0,4,,,,,,,,,,,,,,,,,,,,1,1,52,,0.0,,,,,,,,4,,,,,,,,,,,,,1,2,52,,0.0,,,,,,,,,4,,,,,,,,,,,,1,3,52,,0.0,,,,,,,,,,,,,,,4,,,,,,1,4,52,,0.0,,,,,,,,,,,,,,,,,,4,,,1,5,52,,0.0,35-44,Female,High School or lower,Australia,5,1,1,52,,0.0,GOOD,1,1,52,,0.0,1,1
53,sdjwgkm6,,0,28,28,payment_info,PaymentInfo,2023-01-14 12:42:25.762017,1,A3AT790ZBYOSQY,3XIQGXAUMHSNC3XMWKVVII6E5W77XP,0.0,"{'1': 3, '2': 1, '3': 2, '4': 1, '5': 0}",o8lptas3,,3UEDKCTPAZAE5J0L7ZB4342N75G7K0,3UY0U6RXHWS1HN1TLYF0ISL21ZE4OQ,,0,survey,0.01,0.25,,53,,0.0,,,,,,,,,,,,,5,,,,,,,,1,1,53,,0.0,,,,4,,,,,,,,,,,,,,,,,1,2,53,,0.0,,,,,,,,,,,4,,,,,,,,,,1,3,53,,0.0,,,,,,,,,,,,,,,,,,5,,,1,4,53,,0.0,,,,,,4,,,,,,,,,,,,,,,1,5,53,,0.0,25-34,Male,Bachelors Degree,Virgin Islands (US),5,1,1,53,,0.0,none,1,1,53,,0.0,1,1
54,kutgpu9a,,0,28,28,payment_info,PaymentInfo,2023-01-14 12:45:19.833678,1,A1W6VREG0H6H7V,32N49TQG3L2DRGQP386X4OBJQT4VA0,0.0,"{'1': 2, '2': 0, '3': 1, '4': 3, '5': 2}",o8lptas3,,3UEDKCTPAZAE5J0L7ZB4342N75G7K0,3UY0U6RXHWS1HN1TLYF0ISL21ZE4OQ,,0,survey,0.01,0.25,,54,,0.0,,,4,,,,,,,,,,,,,,,,,,1,1,54,,0.0,,,,,,,,,,,,,,,,,,,5,,1,2,54,,0.0,,,,,,,,,,,,,,,,4,,,,,1,3,54,,0.0,,,,,4,,,,,,,,,,,,,,,,1,4,54,,0.0,,,,,,,,,,4,,,,,,,,,,,1,5,54,,0.0,25-34,Female,High School or lower,Virgin Islands (US),5,1,1,54,,0.0,good,1,1,54,,0.0,1,1
55,jzbrh1xp,,0,27,28,feedback,Feedback,2023-01-14 12:50:26.360895,1,A252M8QNCTDMA6,3XLBSAQ9Z9WCHYX1X2JGF3MPDW57ZM,0.0,"{'1': 2, '2': 3, '3': 1, '4': 0, '5': 2}",o8lptas3,,3UEDKCTPAZAE5J0L7ZB4342N75G7K0,3UY0U6RXHWS1HN1TLYF0ISL21ZE4OQ,,0,survey,0.01,0.25,,55,,0.0,,,,,,,,,,5,,,,,,,,,,,1,1,55,,0.0,,,4,,,,,,,,,,,,,,,,,,1,2,55,,0.0,,,,,,,,,,,,,,4,,,,,,,1,3,55,,0.0,,,,,,,,4,,,,,,,,,,,,,1,4,55,,0.0,,,,,,,,,,,,,,,,,,,3,,1,5,55,,0.0,25-34,Female,Bachelors Degree,United Kingdom,4,1,1,55,,0.0,,1,1,55,,0.0,1,1
56,6xjzsa6y,,0,28,28,payment_info,PaymentInfo,2023-01-14 12:52:42.283632,1,A3IJLZZVL9TVQG,3QEMNNSB22J9EXS55KUJOB3MPEVD7T,0.0,"{'1': 3, '2': 3, '3': 0, '4': 1, '5': 1}",o8lptas3,,3UEDKCTPAZAE5J0L7ZB4342N75G7K0,3UY0U6RXHWS1HN1TLYF0ISL21ZE4OQ,,0,survey,0.01,0.25,,56,,0.0,,,,,,,,5,,,,,,,,,,,,,1,1,56,,0.0,,,,,,,,,4,,,,,,,,,,,,1,2,56,,0.0,,,,,,,,,,,,,,,,,5,,,,1,3,56,,0.0,,,,,,,,,,,,,4,,,,,,,,1,4,56,,0.0,,,,3,,,,,,,,,,,,,,,,,1,5,56,,0.0,45-54,Female,Bachelors Degree,United Kingdom,7,1,1,56,,0.0,GOOD,1,1,56,,0.0,1,1
57,sgtx416c,,0,0,28,,,,0,,,0.0,"{'1': 3, '2': 2, '3': 2, '4': 0, '5': 3}",o8lptas3,,3UEDKCTPAZAE5J0L7ZB4342N75G7K0,3UY0U6RXHWS1HN1TLYF0ISL21ZE4OQ,,0,survey,0.01,0.25,,57,,0.0,,,,,,,,,,,,,,,,,,,,,1,1,57,,0.0,,,,,,,,,,,,,,,,,,,,,1,2,57,,0.0,,,,,,,,,,,,,,,,,,,,,1,3,57,,0.0,,,,,,,,,,,,,,,,,,,,,1,4,57,,0.0,,,,,,,,,,,,,,,,,,,,,1,5,57,,0.0,,,,,,1,1,57,,0.0,,1,1,57,,0.0,1,1
58,15hgtlx5,,0,0,28,,,,0,,,0.0,"{'1': 2, '2': 0, '3': 1, '4': 0, '5': 1}",o8lptas3,,3UEDKCTPAZAE5J0L7ZB4342N75G7K0,3UY0U6RXHWS1HN1TLYF0ISL21ZE4OQ,,0,survey,0.01,0.25,,58,,0.0,,,,,,,,,,,,,,,,,,,,,1,1,58,,0.0,,,,,,,,,,,,,,,,,,,,,1,2,58,,0.0,,,,,,,,,,,,,,,,,,,,,1,3,58,,0.0,,,,,,,,,,,,,,,,,,,,,1,4,58,,0.0,,,,,,,,,,,,,,,,,,,,,1,5,58,,0.0,,,,,,1,1,58,,0.0,,1,1,58,,0.0,1,1
59,oqtz7b2t,,0,0,28,,,,0,,,0.0,"{'1': 3, '2': 3, '3': 2, '4': 2, '5': 0}",o8lptas3,,3UEDKCTPAZAE5J0L7ZB4342N75G7K0,3UY0U6RXHWS1HN1TLYF0ISL21ZE4OQ,,0,survey,0.01,0.25,,59,,0.0,,,,,,,,,,,,,,,,,,,,,1,1,59,,0.0,,,,,,,,,,,,,,,,,,,,,1,2,59,,0.0,,,,,,,,,,,,,,,,,,,,,1,3,59,,0.0,,,,,,,,,,,,,,,,,,,,,1,4,59,,0.0,,,,,,,,,,,,,,,,,,,,,1,5,59,,0.0,,,,,,1,1,59,,0.0,,1,1,59,,0.0,1,1
60,hfdkh9dw,,0,0,28,,,,0,,,0.0,"{'1': 3, '2': 1, '3': 1, '4': 3, '5': 1}",o8lptas3,,3UEDKCTPAZAE5J0L7ZB4342N75G7K0,3UY0U6RXHWS1HN1TLYF0ISL21ZE4OQ,,0,survey,0.01,0.25,,60,,0.0,,,,,,,,,,,,,,,,,,,,,1,1,60,,0.0,,,,,,,,,,,,,,,,,,,,,1,2,60,,0.0,,,,,,,,,,,,,,,,,,,,,1,3,60,,0.0,,,,,,,,,,,,,,,,,,,,,1,4,60,,0.0,,,,,,,,,,,,,,,,,,,,,1,5,60,,0.0,,,,,,1,1,60,,0.0,,1,1,60,,0.0,1,1
61,ms8bn4pw,,0,0,28,,,,0,,,0.0,"{'1': 3, '2': 2, '3': 1, '4': 0, '5': 2}",o8lptas3,,3UEDKCTPAZAE5J0L7ZB4342N75G7K0,3UY0U6RXHWS1HN1TLYF0ISL21ZE4OQ,,0,survey,0.01,0.25,,61,,0.0,,,,,,,,,,,,,,,,,,,,,1,1,61,,0.0,,,,,,,,,,,,,,,,,,,,,1,2,61,,0.0,,,,,,,,,,,,,,,,,,,,,1,3,61,,0.0,,,,,,,,,,,,,,,,,,,,,1,4,61,,0.0,,,,,,,,,,,,,,,,,,,,,1,5,61,,0.0,,,,,,1,1,61,,0.0,,1,1,61,,0.0,1,1
62,mf5lfmcl,,0,0,28,,,,0,,,0.0,"{'1': 3, '2': 2, '3': 3, '4': 0, '5': 0}",o8lptas3,,3UEDKCTPAZAE5J0L7ZB4342N75G7K0,3UY0U6RXHWS1HN1TLYF0ISL21ZE4OQ,,0,survey,0.01,0.25,,62,,0.0,,,,,,,,,,,,,,,,,,,,,1,1,62,,0.0,,,,,,,,,,,,,,,,,,,,,1,2,62,,0.0,,,,,,,,,,,,,,,,,,,,,1,3,62,,0.0,,,,,,,,,,,,,,,,,,,,,1,4,62,,0.0,,,,,,,,,,,,,,,,,,,,,1,5,62,,0.0,,,,,,1,1,62,,0.0,,1,1,62,,0.0,1,1
63,cq3x75ah,,0,0,28,,,,0,,,0.0,"{'1': 2, '2': 1, '3': 0, '4': 1, '5': 3}",o8lptas3,,3UEDKCTPAZAE5J0L7ZB4342N75G7K0,3UY0U6RXHWS1HN1TLYF0ISL21ZE4OQ,,0,survey,0.01,0.25,,63,,0.0,,,,,,,,,,,,,,,,,,,,,1,1,63,,0.0,,,,,,,,,,,,,,,,,,,,,1,2,63,,0.0,,,,,,,,,,,,,,,,,,,,,1,3,63,,0.0,,,,,,,,,,,,,,,,,,,,,1,4,63,,0.0,,,,,,,,,,,,,,,,,,,,,1,5,63,,0.0,,,,,,1,1,63,,0.0,,1,1,63,,0.0,1,1
64,sfu67lh4,,0,0,28,,,,0,,,0.0,"{'1': 1, '2': 1, '3': 3, '4': 2, '5': 0}",o8lptas3,,3UEDKCTPAZAE5J0L7ZB4342N75G7K0,3UY0U6RXHWS1HN1TLYF0ISL21ZE4OQ,,0,survey,0.01,0.25,,64,,0.0,,,,,,,,,,,,,,,,,,,,,1,1,64,,0.0,,,,,,,,,,,,,,,,,,,,,1,2,64,,0.0,,,,,,,,,,,,,,,,,,,,,1,3,64,,0.0,,,,,,,,,,,,,,,,,,,,,1,4,64,,0.0,,,,,,,,,,,,,,,,,,,,,1,5,64,,0.0,,,,,,1,1,64,,0.0,,1,1,64,,0.0,1,1
65,dcwkbcwi,,0,0,28,,,,0,,,0.0,"{'1': 2, '2': 2, '3': 1, '4': 1, '5': 1}",o8lptas3,,3UEDKCTPAZAE5J0L7ZB4342N75G7K0,3UY0U6RXHWS1HN1TLYF0ISL21ZE4OQ,,0,survey,0.01,0.25,,65,,0.0,,,,,,,,,,,,,,,,,,,,,1,1,65,,0.0,,,,,,,,,,,,,,,,,,,,,1,2,65,,0.0,,,,,,,,,,,,,,,,,,,,,1,3,65,,0.0,,,,,,,,,,,,,,,,,,,,,1,4,65,,0.0,,,,,,,,,,,,,,,,,,,,,1,5,65,,0.0,,,,,,1,1,65,,0.0,,1,1,65,,0.0,1,1
66,9ztsxfc2,,0,0,28,,,,0,,,0.0,"{'1': 0, '2': 1, '3': 0, '4': 3, '5': 0}",o8lptas3,,3UEDKCTPAZAE5J0L7ZB4342N75G7K0,3UY0U6RXHWS1HN1TLYF0ISL21ZE4OQ,,0,survey,0.01,0.25,,66,,0.0,,,,,,,,,,,,,,,,,,,,,1,1,66,,0.0,,,,,,,,,,,,,,,,,,,,,1,2,66,,0.0,,,,,,,,,,,,,,,,,,,,,1,3,66,,0.0,,,,,,,,,,,,,,,,,,,,,1,4,66,,0.0,,,,,,,,,,,,,,,,,,,,,1,5,66,,0.0,,,,,,1,1,66,,0.0,,1,1,66,,0.0,1,1
67,y0he3t11,,0,0,28,,,,0,,,0.0,"{'1': 0, '2': 2, '3': 2, '4': 2, '5': 0}",o8lptas3,,3UEDKCTPAZAE5J0L7ZB4342N75G7K0,3UY0U6RXHWS1HN1TLYF0ISL21ZE4OQ,,0,survey,0.01,0.25,,67,,0.0,,,,,,,,,,,,,,,,,,,,,1,1,67,,0.0,,,,,,,,,,,,,,,,,,,,,1,2,67,,0.0,,,,,,,,,,,,,,,,,,,,,1,3,67,,0.0,,,,,,,,,,,,,,,,,,,,,1,4,67,,0.0,,,,,,,,,,,,,,,,,,,,,1,5,67,,0.0,,,,,,1,1,67,,0.0,,1,1,67,,0.0,1,1
68,ie1od36p,,0,0,28,,,,0,,,0.0,"{'1': 1, '2': 3, '3': 2, '4': 0, '5': 3}",o8lptas3,,3UEDKCTPAZAE5J0L7ZB4342N75G7K0,3UY0U6RXHWS1HN1TLYF0ISL21ZE4OQ,,0,survey,0.01,0.25,,68,,0.0,,,,,,,,,,,,,,,,,,,,,1,1,68,,0.0,,,,,,,,,,,,,,,,,,,,,1,2,68,,0.0,,,,,,,,,,,,,,,,,,,,,1,3,68,,0.0,,,,,,,,,,,,,,,,,,,,,1,4,68,,0.0,,,,,,,,,,,,,,,,,,,,,1,5,68,,0.0,,,,,,1,1,68,,0.0,,1,1,68,,0.0,1,1
69,qnvhrlf2,,0,0,28,,,,0,,,0.0,"{'1': 2, '2': 1, '3': 0, '4': 1, '5': 2}",o8lptas3,,3UEDKCTPAZAE5J0L7ZB4342N75G7K0,3UY0U6RXHWS1HN1TLYF0ISL21ZE4OQ,,0,survey,0.01,0.25,,69,,0.0,,,,,,,,,,,,,,,,,,,,,1,1,69,,0.0,,,,,,,,,,,,,,,,,,,,,1,2,69,,0.0,,,,,,,,,,,,,,,,,,,,,1,3,69,,0.0,,,,,,,,,,,,,,,,,,,,,1,4,69,,0.0,,,,,,,,,,,,,,,,,,,,,1,5,69,,0.0,,,,,,1,1,69,,0.0,,1,1,69,,0.0,1,1
70,5bsjm4vd,,0,0,28,,,,0,,,0.0,"{'1': 0, '2': 3, '3': 1, '4': 1, '5': 1}",o8lptas3,,3UEDKCTPAZAE5J0L7ZB4342N75G7K0,3UY0U6RXHWS1HN1TLYF0ISL21ZE4OQ,,0,survey,0.01,0.25,,70,,0.0,,,,,,,,,,,,,,,,,,,,,1,1,70,,0.0,,,,,,,,,,,,,,,,,,,,,1,2,70,,0.0,,,,,,,,,,,,,,,,,,,,,1,3,70,,0.0,,,,,,,,,,,,,,,,,,,,,1,4,70,,0.0,,,,,,,,,,,,,,,,,,,,,1,5,70,,0.0,,,,,,1,1,70,,0.0,,1,1,70,,0.0,1,1
71,c358uu2v,,0,0,28,,,,0,,,0.0,"{'1': 3, '2': 0, '3': 0, '4': 0, '5': 3}",o8lptas3,,3UEDKCTPAZAE5J0L7ZB4342N75G7K0,3UY0U6RXHWS1HN1TLYF0ISL21ZE4OQ,,0,survey,0.01,0.25,,71,,0.0,,,,,,,,,,,,,,,,,,,,,1,1,71,,0.0,,,,,,,,,,,,,,,,,,,,,1,2,71,,0.0,,,,,,,,,,,,,,,,,,,,,1,3,71,,0.0,,,,,,,,,,,,,,,,,,,,,1,4,71,,0.0,,,,,,,,,,,,,,,,,,,,,1,5,71,,0.0,,,,,,1,1,71,,0.0,,1,1,71,,0.0,1,1
72,7d638gi9,,0,0,28,,,,0,,,0.0,"{'1': 1, '2': 2, '3': 1, '4': 2, '5': 2}",o8lptas3,,3UEDKCTPAZAE5J0L7ZB4342N75G7K0,3UY0U6RXHWS1HN1TLYF0ISL21ZE4OQ,,0,survey,0.01,0.25,,72,,0.0,,,,,,,,,,,,,,,,,,,,,1,1,72,,0.0,,,,,,,,,,,,,,,,,,,,,1,2,72,,0.0,,,,,,,,,,,,,,,,,,,,,1,3,72,,0.0,,,,,,,,,,,,,,,,,,,,,1,4,72,,0.0,,,,,,,,,,,,,,,,,,,,,1,5,72,,0.0,,,,,,1,1,72,,0.0,,1,1,72,,0.0,1,1
73,k0pb87va,,0,0,28,,,,0,,,0.0,"{'1': 1, '2': 2, '3': 0, '4': 1, '5': 3}",o8lptas3,,3UEDKCTPAZAE5J0L7ZB4342N75G7K0,3UY0U6RXHWS1HN1TLYF0ISL21ZE4OQ,,0,survey,0.01,0.25,,73,,0.0,,,,,,,,,,,,,,,,,,,,,1,1,73,,0.0,,,,,,,,,,,,,,,,,,,,,1,2,73,,0.0,,,,,,,,,,,,,,,,,,,,,1,3,73,,0.0,,,,,,,,,,,,,,,,,,,,,1,4,73,,0.0,,,,,,,,,,,,,,,,,,,,,1,5,73,,0.0,,,,,,1,1,73,,0.0,,1,1,73,,0.0,1,1
74,qwum3tj7,,0,0,28,,,,0,,,0.0,"{'1': 1, '2': 0, '3': 0, '4': 3, '5': 2}",o8lptas3,,3UEDKCTPAZAE5J0L7ZB4342N75G7K0,3UY0U6RXHWS1HN1TLYF0ISL21ZE4OQ,,0,survey,0.01,0.25,,74,,0.0,,,,,,,,,,,,,,,,,,,,,1,1,74,,0.0,,,,,,,,,,,,,,,,,,,,,1,2,74,,0.0,,,,,,,,,,,,,,,,,,,,,1,3,74,,0.0,,,,,,,,,,,,,,,,,,,,,1,4,74,,0.0,,,,,,,,,,,,,,,,,,,,,1,5,74,,0.0,,,,,,1,1,74,,0.0,,1,1,74,,0.0,1,1
75,9r1bjtvh,,0,0,28,,,,0,,,0.0,"{'1': 1, '2': 1, '3': 0, '4': 1, '5': 0}",o8lptas3,,3UEDKCTPAZAE5J0L7ZB4342N75G7K0,3UY0U6RXHWS1HN1TLYF0ISL21ZE4OQ,,0,survey,0.01,0.25,,75,,0.0,,,,,,,,,,,,,,,,,,,,,1,1,75,,0.0,,,,,,,,,,,,,,,,,,,,,1,2,75,,0.0,,,,,,,,,,,,,,,,,,,,,1,3,75,,0.0,,,,,,,,,,,,,,,,,,,,,1,4,75,,0.0,,,,,,,,,,,,,,,,,,,,,1,5,75,,0.0,,,,,,1,1,75,,0.0,,1,1,75,,0.0,1,1
76,5dsb2stt,,0,0,28,,,,0,,,0.0,"{'1': 1, '2': 0, '3': 1, '4': 3, '5': 2}",o8lptas3,,3UEDKCTPAZAE5J0L7ZB4342N75G7K0,3UY0U6RXHWS1HN1TLYF0ISL21ZE4OQ,,0,survey,0.01,0.25,,76,,0.0,,,,,,,,,,,,,,,,,,,,,1,1,76,,0.0,,,,,,,,,,,,,,,,,,,,,1,2,76,,0.0,,,,,,,,,,,,,,,,,,,,,1,3,76,,0.0,,,,,,,,,,,,,,,,,,,,,1,4,76,,0.0,,,,,,,,,,,,,,,,,,,,,1,5,76,,0.0,,,,,,1,1,76,,0.0,,1,1,76,,0.0,1,1
77,crecmve4,,0,0,28,,,,0,,,0.0,"{'1': 1, '2': 2, '3': 1, '4': 1, '5': 0}",o8lptas3,,3UEDKCTPAZAE5J0L7ZB4342N75G7K0,3UY0U6RXHWS1HN1TLYF0ISL21ZE4OQ,,0,survey,0.01,0.25,,77,,0.0,,,,,,,,,,,,,,,,,,,,,1,1,77,,0.0,,,,,,,,,,,,,,,,,,,,,1,2,77,,0.0,,,,,,,,,,,,,,,,,,,,,1,3,77,,0.0,,,,,,,,,,,,,,,,,,,,,1,4,77,,0.0,,,,,,,,,,,,,,,,,,,,,1,5,77,,0.0,,,,,,1,1,77,,0.0,,1,1,77,,0.0,1,1
78,gr68yuw0,,0,0,28,,,,0,,,0.0,"{'1': 0, '2': 2, '3': 0, '4': 1, '5': 1}",o8lptas3,,3UEDKCTPAZAE5J0L7ZB4342N75G7K0,3UY0U6RXHWS1HN1TLYF0ISL21ZE4OQ,,0,survey,0.01,0.25,,78,,0.0,,,,,,,,,,,,,,,,,,,,,1,1,78,,0.0,,,,,,,,,,,,,,,,,,,,,1,2,78,,0.0,,,,,,,,,,,,,,,,,,,,,1,3,78,,0.0,,,,,,,,,,,,,,,,,,,,,1,4,78,,0.0,,,,,,,,,,,,,,,,,,,,,1,5,78,,0.0,,,,,,1,1,78,,0.0,,1,1,78,,0.0,1,1
79,0obg78um,,0,0,28,,,,0,,,0.0,"{'1': 0, '2': 3, '3': 1, '4': 3, '5': 3}",o8lptas3,,3UEDKCTPAZAE5J0L7ZB4342N75G7K0,3UY0U6RXHWS1HN1TLYF0ISL21ZE4OQ,,0,survey,0.01,0.25,,79,,0.0,,,,,,,,,,,,,,,,,,,,,1,1,79,,0.0,,,,,,,,,,,,,,,,,,,,,1,2,79,,0.0,,,,,,,,,,,,,,,,,,,,,1,3,79,,0.0,,,,,,,,,,,,,,,,,,,,,1,4,79,,0.0,,,,,,,,,,,,,,,,,,,,,1,5,79,,0.0,,,,,,1,1,79,,0.0,,1,1,79,,0.0,1,1
80,62ws2ql3,,0,0,28,,,,0,,,0.0,"{'1': 1, '2': 2, '3': 2, '4': 0, '5': 2}",o8lptas3,,3UEDKCTPAZAE5J0L7ZB4342N75G7K0,3UY0U6RXHWS1HN1TLYF0ISL21ZE4OQ,,0,survey,0.01,0.25,,80,,0.0,,,,,,,,,,,,,,,,,,,,,1,1,80,,0.0,,,,,,,,,,,,,,,,,,,,,1,2,80,,0.0,,,,,,,,,,,,,,,,,,,,,1,3,80,,0.0,,,,,,,,,,,,,,,,,,,,,1,4,80,,0.0,,,,,,,,,,,,,,,,,,,,,1,5,80,,0.0,,,,,,1,1,80,,0.0,,1,1,80,,0.0,1,1
81,32ro8t03,,0,0,28,,,,0,,,0.0,"{'1': 0, '2': 2, '3': 2, '4': 2, '5': 3}",o8lptas3,,3UEDKCTPAZAE5J0L7ZB4342N75G7K0,3UY0U6RXHWS1HN1TLYF0ISL21ZE4OQ,,0,survey,0.01,0.25,,81,,0.0,,,,,,,,,,,,,,,,,,,,,1,1,81,,0.0,,,,,,,,,,,,,,,,,,,,,1,2,81,,0.0,,,,,,,,,,,,,,,,,,,,,1,3,81,,0.0,,,,,,,,,,,,,,,,,,,,,1,4,81,,0.0,,,,,,,,,,,,,,,,,,,,,1,5,81,,0.0,,,,,,1,1,81,,0.0,,1,1,81,,0.0,1,1
82,6wlbf0jv,,0,0,28,,,,0,,,0.0,"{'1': 0, '2': 2, '3': 3, '4': 2, '5': 0}",o8lptas3,,3UEDKCTPAZAE5J0L7ZB4342N75G7K0,3UY0U6RXHWS1HN1TLYF0ISL21ZE4OQ,,0,survey,0.01,0.25,,82,,0.0,,,,,,,,,,,,,,,,,,,,,1,1,82,,0.0,,,,,,,,,,,,,,,,,,,,,1,2,82,,0.0,,,,,,,,,,,,,,,,,,,,,1,3,82,,0.0,,,,,,,,,,,,,,,,,,,,,1,4,82,,0.0,,,,,,,,,,,,,,,,,,,,,1,5,82,,0.0,,,,,,1,1,82,,0.0,,1,1,82,,0.0,1,1
83,1obcoqp5,,0,0,28,,,,0,,,0.0,"{'1': 2, '2': 1, '3': 3, '4': 1, '5': 1}",o8lptas3,,3UEDKCTPAZAE5J0L7ZB4342N75G7K0,3UY0U6RXHWS1HN1TLYF0ISL21ZE4OQ,,0,survey,0.01,0.25,,83,,0.0,,,,,,,,,,,,,,,,,,,,,1,1,83,,0.0,,,,,,,,,,,,,,,,,,,,,1,2,83,,0.0,,,,,,,,,,,,,,,,,,,,,1,3,83,,0.0,,,,,,,,,,,,,,,,,,,,,1,4,83,,0.0,,,,,,,,,,,,,,,,,,,,,1,5,83,,0.0,,,,,,1,1,83,,0.0,,1,1,83,,0.0,1,1
84,8mq4h0x5,,0,0,28,,,,0,,,0.0,"{'1': 2, '2': 0, '3': 2, '4': 3, '5': 2}",o8lptas3,,3UEDKCTPAZAE5J0L7ZB4342N75G7K0,3UY0U6RXHWS1HN1TLYF0ISL21ZE4OQ,,0,survey,0.01,0.25,,84,,0.0,,,,,,,,,,,,,,,,,,,,,1,1,84,,0.0,,,,,,,,,,,,,,,,,,,,,1,2,84,,0.0,,,,,,,,,,,,,,,,,,,,,1,3,84,,0.0,,,,,,,,,,,,,,,,,,,,,1,4,84,,0.0,,,,,,,,,,,,,,,,,,,,,1,5,84,,0.0,,,,,,1,1,84,,0.0,,1,1,84,,0.0,1,1
85,k29qrwjv,,0,0,28,,,,0,,,0.0,"{'1': 3, '2': 1, '3': 1, '4': 2, '5': 3}",o8lptas3,,3UEDKCTPAZAE5J0L7ZB4342N75G7K0,3UY0U6RXHWS1HN1TLYF0ISL21ZE4OQ,,0,survey,0.01,0.25,,85,,0.0,,,,,,,,,,,,,,,,,,,,,1,1,85,,0.0,,,,,,,,,,,,,,,,,,,,,1,2,85,,0.0,,,,,,,,,,,,,,,,,,,,,1,3,85,,0.0,,,,,,,,,,,,,,,,,,,,,1,4,85,,0.0,,,,,,,,,,,,,,,,,,,,,1,5,85,,0.0,,,,,,1,1,85,,0.0,,1,1,85,,0.0,1,1
86,dja10ws3,,0,0,28,,,,0,,,0.0,"{'1': 0, '2': 3, '3': 1, '4': 0, '5': 3}",o8lptas3,,3UEDKCTPAZAE5J0L7ZB4342N75G7K0,3UY0U6RXHWS1HN1TLYF0ISL21ZE4OQ,,0,survey,0.01,0.25,,86,,0.0,,,,,,,,,,,,,,,,,,,,,1,1,86,,0.0,,,,,,,,,,,,,,,,,,,,,1,2,86,,0.0,,,,,,,,,,,,,,,,,,,,,1,3,86,,0.0,,,,,,,,,,,,,,,,,,,,,1,4,86,,0.0,,,,,,,,,,,,,,,,,,,,,1,5,86,,0.0,,,,,,1,1,86,,0.0,,1,1,86,,0.0,1,1
87,4l3d1g65,,0,0,28,,,,0,,,0.0,"{'1': 3, '2': 3, '3': 0, '4': 3, '5': 3}",o8lptas3,,3UEDKCTPAZAE5J0L7ZB4342N75G7K0,3UY0U6RXHWS1HN1TLYF0ISL21ZE4OQ,,0,survey,0.01,0.25,,87,,0.0,,,,,,,,,,,,,,,,,,,,,1,1,87,,0.0,,,,,,,,,,,,,,,,,,,,,1,2,87,,0.0,,,,,,,,,,,,,,,,,,,,,1,3,87,,0.0,,,,,,,,,,,,,,,,,,,,,1,4,87,,0.0,,,,,,,,,,,,,,,,,,,,,1,5,87,,0.0,,,,,,1,1,87,,0.0,,1,1,87,,0.0,1,1
88,nsyk8w05,,0,0,28,,,,0,,,0.0,"{'1': 2, '2': 1, '3': 0, '4': 3, '5': 1}",o8lptas3,,3UEDKCTPAZAE5J0L7ZB4342N75G7K0,3UY0U6RXHWS1HN1TLYF0ISL21ZE4OQ,,0,survey,0.01,0.25,,88,,0.0,,,,,,,,,,,,,,,,,,,,,1,1,88,,0.0,,,,,,,,,,,,,,,,,,,,,1,2,88,,0.0,,,,,,,,,,,,,,,,,,,,,1,3,88,,0.0,,,,,,,,,,,,,,,,,,,,,1,4,88,,0.0,,,,,,,,,,,,,,,,,,,,,1,5,88,,0.0,,,,,,1,1,88,,0.0,,1,1,88,,0.0,1,1
89,i9u1mxfr,,0,0,28,,,,0,,,0.0,"{'1': 1, '2': 0, '3': 0, '4': 1, '5': 3}",o8lptas3,,3UEDKCTPAZAE5J0L7ZB4342N75G7K0,3UY0U6RXHWS1HN1TLYF0ISL21ZE4OQ,,0,survey,0.01,0.25,,89,,0.0,,,,,,,,,,,,,,,,,,,,,1,1,89,,0.0,,,,,,,,,,,,,,,,,,,,,1,2,89,,0.0,,,,,,,,,,,,,,,,,,,,,1,3,89,,0.0,,,,,,,,,,,,,,,,,,,,,1,4,89,,0.0,,,,,,,,,,,,,,,,,,,,,1,5,89,,0.0,,,,,,1,1,89,,0.0,,1,1,89,,0.0,1,1
90,lvx3ve3o,,0,0,28,,,,0,,,0.0,"{'1': 2, '2': 3, '3': 2, '4': 2, '5': 3}",o8lptas3,,3UEDKCTPAZAE5J0L7ZB4342N75G7K0,3UY0U6RXHWS1HN1TLYF0ISL21ZE4OQ,,0,survey,0.01,0.25,,90,,0.0,,,,,,,,,,,,,,,,,,,,,1,1,90,,0.0,,,,,,,,,,,,,,,,,,,,,1,2,90,,0.0,,,,,,,,,,,,,,,,,,,,,1,3,90,,0.0,,,,,,,,,,,,,,,,,,,,,1,4,90,,0.0,,,,,,,,,,,,,,,,,,,,,1,5,90,,0.0,,,,,,1,1,90,,0.0,,1,1,90,,0.0,1,1
91,1aqnnjln,,0,0,28,,,,0,,,0.0,"{'1': 1, '2': 2, '3': 2, '4': 0, '5': 3}",o8lptas3,,3UEDKCTPAZAE5J0L7ZB4342N75G7K0,3UY0U6RXHWS1HN1TLYF0ISL21ZE4OQ,,0,survey,0.01,0.25,,91,,0.0,,,,,,,,,,,,,,,,,,,,,1,1,91,,0.0,,,,,,,,,,,,,,,,,,,,,1,2,91,,0.0,,,,,,,,,,,,,,,,,,,,,1,3,91,,0.0,,,,,,,,,,,,,,,,,,,,,1,4,91,,0.0,,,,,,,,,,,,,,,,,,,,,1,5,91,,0.0,,,,,,1,1,91,,0.0,,1,1,91,,0.0,1,1
92,yhap7tt9,,0,0,28,,,,0,,,0.0,"{'1': 1, '2': 0, '3': 2, '4': 2, '5': 2}",o8lptas3,,3UEDKCTPAZAE5J0L7ZB4342N75G7K0,3UY0U6RXHWS1HN1TLYF0ISL21ZE4OQ,,0,survey,0.01,0.25,,92,,0.0,,,,,,,,,,,,,,,,,,,,,1,1,92,,0.0,,,,,,,,,,,,,,,,,,,,,1,2,92,,0.0,,,,,,,,,,,,,,,,,,,,,1,3,92,,0.0,,,,,,,,,,,,,,,,,,,,,1,4,92,,0.0,,,,,,,,,,,,,,,,,,,,,1,5,92,,0.0,,,,,,1,1,92,,0.0,,1,1,92,,0.0,1,1
93,ujjm5s2d,,0,0,28,,,,0,,,0.0,"{'1': 2, '2': 0, '3': 2, '4': 0, '5': 3}",o8lptas3,,3UEDKCTPAZAE5J0L7ZB4342N75G7K0,3UY0U6RXHWS1HN1TLYF0ISL21ZE4OQ,,0,survey,0.01,0.25,,93,,0.0,,,,,,,,,,,,,,,,,,,,,1,1,93,,0.0,,,,,,,,,,,,,,,,,,,,,1,2,93,,0.0,,,,,,,,,,,,,,,,,,,,,1,3,93,,0.0,,,,,,,,,,,,,,,,,,,,,1,4,93,,0.0,,,,,,,,,,,,,,,,,,,,,1,5,93,,0.0,,,,,,1,1,93,,0.0,,1,1,93,,0.0,1,1
94,u82zum98,,0,0,28,,,,0,,,0.0,"{'1': 1, '2': 2, '3': 2, '4': 0, '5': 2}",o8lptas3,,3UEDKCTPAZAE5J0L7ZB4342N75G7K0,3UY0U6RXHWS1HN1TLYF0ISL21ZE4OQ,,0,survey,0.01,0.25,,94,,0.0,,,,,,,,,,,,,,,,,,,,,1,1,94,,0.0,,,,,,,,,,,,,,,,,,,,,1,2,94,,0.0,,,,,,,,,,,,,,,,,,,,,1,3,94,,0.0,,,,,,,,,,,,,,,,,,,,,1,4,94,,0.0,,,,,,,,,,,,,,,,,,,,,1,5,94,,0.0,,,,,,1,1,94,,0.0,,1,1,94,,0.0,1,1
95,mthzou1i,,0,0,28,,,,0,,,0.0,"{'1': 1, '2': 2, '3': 1, '4': 1, '5': 2}",o8lptas3,,3UEDKCTPAZAE5J0L7ZB4342N75G7K0,3UY0U6RXHWS1HN1TLYF0ISL21ZE4OQ,,0,survey,0.01,0.25,,95,,0.0,,,,,,,,,,,,,,,,,,,,,1,1,95,,0.0,,,,,,,,,,,,,,,,,,,,,1,2,95,,0.0,,,,,,,,,,,,,,,,,,,,,1,3,95,,0.0,,,,,,,,,,,,,,,,,,,,,1,4,95,,0.0,,,,,,,,,,,,,,,,,,,,,1,5,95,,0.0,,,,,,1,1,95,,0.0,,1,1,95,,0.0,1,1
96,b9ym7b0n,,0,0,28,,,,0,,,0.0,"{'1': 3, '2': 1, '3': 1, '4': 3, '5': 2}",o8lptas3,,3UEDKCTPAZAE5J0L7ZB4342N75G7K0,3UY0U6RXHWS1HN1TLYF0ISL21ZE4OQ,,0,survey,0.01,0.25,,96,,0.0,,,,,,,,,,,,,,,,,,,,,1,1,96,,0.0,,,,,,,,,,,,,,,,,,,,,1,2,96,,0.0,,,,,,,,,,,,,,,,,,,,,1,3,96,,0.0,,,,,,,,,,,,,,,,,,,,,1,4,96,,0.0,,,,,,,,,,,,,,,,,,,,,1,5,96,,0.0,,,,,,1,1,96,,0.0,,1,1,96,,0.0,1,1
97,6ey5ywmu,,0,0,28,,,,0,,,0.0,"{'1': 1, '2': 0, '3': 2, '4': 0, '5': 0}",o8lptas3,,3UEDKCTPAZAE5J0L7ZB4342N75G7K0,3UY0U6RXHWS1HN1TLYF0ISL21ZE4OQ,,0,survey,0.01,0.25,,97,,0.0,,,,,,,,,,,,,,,,,,,,,1,1,97,,0.0,,,,,,,,,,,,,,,,,,,,,1,2,97,,0.0,,,,,,,,,,,,,,,,,,,,,1,3,97,,0.0,,,,,,,,,,,,,,,,,,,,,1,4,97,,0.0,,,,,,,,,,,,,,,,,,,,,1,5,97,,0.0,,,,,,1,1,97,,0.0,,1,1,97,,0.0,1,1
98,tdpilean,,0,0,28,,,,0,,,0.0,"{'1': 2, '2': 2, '3': 2, '4': 0, '5': 3}",o8lptas3,,3UEDKCTPAZAE5J0L7ZB4342N75G7K0,3UY0U6RXHWS1HN1TLYF0ISL21ZE4OQ,,0,survey,0.01,0.25,,98,,0.0,,,,,,,,,,,,,,,,,,,,,1,1,98,,0.0,,,,,,,,,,,,,,,,,,,,,1,2,98,,0.0,,,,,,,,,,,,,,,,,,,,,1,3,98,,0.0,,,,,,,,,,,,,,,,,,,,,1,4,98,,0.0,,,,,,,,,,,,,,,,,,,,,1,5,98,,0.0,,,,,,1,1,98,,0.0,,1,1,98,,0.0,1,1
99,fjf2ychc,,0,0,28,,,,0,,,0.0,"{'1': 3, '2': 3, '3': 0, '4': 2, '5': 0}",o8lptas3,,3UEDKCTPAZAE5J0L7ZB4342N75G7K0,3UY0U6RXHWS1HN1TLYF0ISL21ZE4OQ,,0,survey,0.01,0.25,,99,,0.0,,,,,,,,,,,,,,,,,,,,,1,1,99,,0.0,,,,,,,,,,,,,,,,,,,,,1,2,99,,0.0,,,,,,,,,,,,,,,,,,,,,1,3,99,,0.0,,,,,,,,,,,,,,,,,,,,,1,4,99,,0.0,,,,,,,,,,,,,,,,,,,,,1,5,99,,0.0,,,,,,1,1,99,,0.0,,1,1,99,,0.0,1,1
100,otckzv96,,0,0,28,,,,0,,,0.0,"{'1': 3, '2': 0, '3': 1, '4': 0, '5': 3}",o8lptas3,,3UEDKCTPAZAE5J0L7ZB4342N75G7K0,3UY0U6RXHWS1HN1TLYF0ISL21ZE4OQ,,0,survey,0.01,0.25,,100,,0.0,,,,,,,,,,,,,,,,,,,,,1,1,100,,0.0,,,,,,,,,,,,,,,,,,,,,1,2,100,,0.0,,,,,,,,,,,,,,,,,,,,,1,3,100,,0.0,,,,,,,,,,,,,,,,,,,,,1,4,100,,0.0,,,,,,,,,,,,,,,,,,,,,1,5,100,,0.0,,,,,,1,1,100,,0.0,,1,1,100,,0.0,1,1
